liquidez,dias_efectivo,cfo,participacion_ley30,hhi_fuentes,gastos_personal,tendencia_ingresos
1.3112583208878787,127.1782999534554,3554020.0186650767,0.1766280901811409,0.4674121577385711,96111983.39358576,0.0303818595604875
2.866928627306774,98.81686411022106,-26706887.174202025,0.595640578151517,0.3862386122603535,55036103.11391811,0.0721562505126143
2.276383642890794,59.16733285010736,7603957.020119264,0.5692168526022315,0.4953699578002399,48945622.24177342,-0.0230866373844769
1.9163779073319989,147.414128448716,12211714.905676464,0.5252468186457858,0.7625994019497747,51192964.464336455,0.1453260663321034
0.7212503291945787,124.82795519692888,11195808.958620796,0.1216962283148572,0.3681664378966982,28799445.160464734,-0.1338605799723249
0.7211852049077472,33.45796438535598,21615614.51109244,0.2818770135671972,0.239009274508595,43183645.37783156,0.0692918623031611
0.4568257528541385,164.41225728642243,16678443.09097808,0.2578675419465057,0.6696112162646246,43283193.0388459,-0.0605860820758893
2.638675593592325,148.94401751155456,9183601.584568731,0.3160818444829114,0.7607825701664654,14711951.816872517,0.1719377906207296
1.923010531706664,171.21498482608672,-1403314.2291729406,0.1525856480583031,0.1805099828188267,79081086.56661265,0.1992515353168118
2.2117959600493227,132.00091396796302,-33219218.67031983,0.6621746938186376,0.2918992902047558,47485398.87134911,-0.0766656587783348
0.3555781345986666,112.34765928876324,8592364.382651716,0.4322813444274257,0.2135775918087951,83996189.8134781,-0.054955713590858
2.918756600837385,78.1925313508583,4153753.743262223,0.2833145863948141,0.3783531292657333,86531320.10079059,0.0859587886979802
2.5475951301611386,168.22748458695233,5431576.743907469,0.33818891024457,0.4602807831243302,29079464.922879227,-0.0387130649789514
0.8733155988313457,156.56118066257147,-25534971.51640619,0.3683215243029014,0.6990610695706452,69161813.39531156,-0.0045411217932238
0.7909274114591717,12.913267268583146,-21621130.80816525,0.4603566000163703,0.6209180679053393,52505362.37466835,0.002538842054241
0.7951921766042713,9.6142205370191,21063057.066658072,0.4094076566178987,0.596742853982745,89214106.41293366,-0.1919673156197656
1.121454055990752,70.88108920365868,-791103.0771331008,0.6516351839286504,0.3818999572877235,29416661.12588087,-0.0013837746094237
1.7168423654070424,146.84683288682075,13630013.94745249,0.3981780897434981,0.773158042467808,71003188.02790397,-0.0689727774064173
1.4662515503337126,177.77332263011527,566367.5226092235,0.6952948088939875,0.4770297339185316,64697691.00274503,-0.0493122822399772
1.0863186785347132,31.32295594311743,595122.7899149038,0.6108549746470574,0.8832839504121236,36577132.98146495,0.1443632003468814
1.9520028157504248,108.97287518662364,18765676.119519956,0.2251063086144014,0.6073137106365895,22294081.328605533,-0.1256506894279256
0.6766334237605129,71.65589991042876,-10320894.564347478,0.6583571287863497,0.2010117932516022,68647578.4429549,0.0813205186747977
1.088790551045089,174.73501961755557,1922415.5388196677,0.1698198387312856,0.6409420496603472,76473771.23190975,-0.0278962930331808
1.2891769768929675,152.37081154874903,-9245505.77410085,0.5904698250947149,0.3600832123453592,38406460.938701496,-0.0279760168495834
1.5313889573859971,151.7075233244491,-8689924.548646312,0.328373976085948,0.6490617573488779,68034934.36200824,0.0790371896051711
2.419975095761137,87.0213029641198,-6183442.469372788,0.6267845922670416,0.1557129185299246,45561781.685035296,0.034005129456889
0.8391192118275712,77.59341290909141,4442675.432674257,0.6208340140644701,0.2399051497407675,74188619.4954356,0.0570612997219531
1.6884329837167515,52.84623758787359,-9574972.433269544,0.5835552400705727,0.7845898071246291,27929374.74046478,0.0968184660532861
1.8995193359275149,14.865711913912245,25115122.51147041,0.5740182617842368,0.2817436456188119,90119350.23725568,-0.0331308383183322
0.4254161143439938,156.3264158446343,-17892146.04439008,0.2828074834588244,0.769632900194352,35866863.68190218,-0.061223673450775
1.940371100133884,147.25767659776358,-3737432.8832271807,0.1485515698307513,0.3234208707635283,43100738.898053765,-0.1085150526557798
0.7604151339556872,179.95059282507285,-8794621.165483499,0.3417881072590968,0.6143055280469661,15228275.68723148,-0.0825410529978955
0.4756393010602547,179.41144648793343,28939557.687074658,0.2041147089919052,0.6553204588078648,20036099.108914874,0.2949094425308725
2.8619909505839995,102.2005484804598,3931095.5302314926,0.5169706533414771,0.5101238025160424,56427571.244109534,0.1244679580736786
2.90720648930131,139.57279765658933,20636890.789372697,0.3076598359226713,0.344248541357385,34083340.90551743,-0.1351074366208021
2.482672839914445,170.3340027294249,-29711207.46073944,0.6853661205159489,0.2701155010968769,85193220.3167975,-0.132245795674357
1.1224571767681009,153.688293368547,5341005.317385177,0.4845832464071992,0.1265514836499409,11322404.978945846,0.0481866061718491
0.5637147078172364,48.28591780505959,17792615.912468743,0.5934883381806165,0.343157120992579,44118464.380474254,0.0547264797377967
2.147429171582824,83.84522367926637,1645679.7855084836,0.179514803645109,0.6225302324250264,40361099.20921834,0.0548883835317364
1.4884117330969235,27.602897651511626,21309607.501307026,0.6172086893635735,0.8506438547587861,11739486.782584094,-0.0254955793553697
0.6295032340809028,171.95892977027643,-10345769.002007443,0.6536543143080366,0.7969635858104417,21193155.91004592,-0.01254542600029
1.6369776573004295,111.080561028904,28186948.8037116,0.3922371512913615,0.7128518212282421,47227840.742677175,0.0327879524159357
0.3928490070110896,45.012490963105975,45977962.47238501,0.4637517626505865,0.730757874602639,54357812.6002702,0.008589300629333
2.7551650856127115,122.54761977102493,-7256771.208793181,0.5588858805417972,0.6319879227807962,46386077.25293822,-0.2219300372747535
0.9987059503200456,113.17244208013176,-8910050.428015435,0.2049031763562475,0.3082294860528024,57784391.05708844,-0.0229799630575193
2.088810167755752,67.67847565574709,29067689.542354017,0.4015396458780654,0.8257560245646639,63561850.74151134,-0.0851406434260313
1.1416199054414096,24.87257863493508,31591442.91461425,0.3391978166633879,0.6365858495246672,10893143.901505206,0.0175211418908512
1.7041836571800892,122.52530922873991,-10457200.543065364,0.1878243952973494,0.5483525047843519,51768564.35081535,0.298525900260341
1.7761177542268551,96.05384765816385,-8403736.341917146,0.3205206533749188,0.1887915753707848,96714931.67988294,0.0367481665474304
0.799107029918923,140.15571855373688,-5635692.177210145,0.1409033856312961,0.4576444350451404,56712905.21165939,-0.0313529686172397
2.917878494964308,96.02861269459883,-26889010.22068554,0.1154871441696921,0.468286616961541,70978804.07130578,0.0921801501977252
2.3928586230750093,154.13176255574453,-18373038.929683965,0.1810997734928936,0.791650887618136,38067747.21251949,0.0482687887209212
2.8366471422233106,101.58369678553495,-20082815.33504136,0.6778690669535042,0.5373185761502308,79659224.03374863,0.0420094490451841
2.716033846154652,103.1641450186926,-15355951.302082568,0.4297177215370101,0.4043204391763277,79562933.36885037,0.0606850593215671
1.91432994278993,158.41438046521037,-693697.7477356236,0.6794932966919319,0.8814402628085275,56916644.2888725,0.2056543564829541
2.7890604345624155,75.60950158716948,4684294.650730415,0.3594987269980791,0.1885764746610525,97841244.09512922,-0.1130888435325915
0.5389297555401826,28.452664978862128,31010009.856281538,0.2870896798511557,0.4380387426495556,21299519.328638803,0.0473632076811454
0.8291537285316921,10.03696835483432,-19967080.81477582,0.4036851177041465,0.1336197401371242,11525289.84006229,-0.0926381129981538
0.4221136800584528,137.14901974288333,19686447.969531678,0.3637070131797461,0.6919232966135442,79314239.05813864,0.0555512646342248
1.1783918930608137,113.55417148685632,-4279776.884510179,0.1633988105570463,0.8344612417593206,82643998.36283943,-0.0918686511486094
1.3494286821616015,128.21395941736412,-989274.193048659,0.4844957888141237,0.3240298636403915,20818650.62085186,-0.0417366813605084
1.032642385789519,42.268728264059376,13496389.843332076,0.2296229095057597,0.7866733414392967,33902454.966274545,-0.0295089914237906
2.537591274710209,28.865008227684708,-22454440.43124597,0.4717527729386978,0.3337745843695182,11579712.702996602,0.0975816719344709
1.263233982072691,7.545316491879337,7648194.923681012,0.490120655438892,0.8286161293151322,36397774.97025082,0.0918454443942413
1.0585231761559282,66.35282279115447,3329044.164261122,0.1912149118771888,0.7031695228774272,79582768.65268044,-0.1245717376446384
1.765279424527271,108.2355951995608,9849025.280162985,0.1368097762664009,0.7439254214731509,56616447.4941321,0.0054934110999848
0.6804954074318592,73.64270789245316,5783372.878156362,0.5684569516410639,0.1144052444803636,41328603.38514593,-0.0709579854749172
2.465931848035907,81.55811135415259,49106002.798217885,0.3758802542615921,0.8702482856592207,43456536.541569725,-0.1258504910675334
0.5012867379353813,163.22777153640598,-12754799.68502632,0.1348982773032854,0.6813367936562587,10121826.314392136,-0.021701705042437
2.9645947288213965,65.94470672907755,-10619939.100036353,0.6969197903018602,0.3438008763089066,36982047.48087123,-0.0308482788455819
2.385060877100975,94.9481606029669,-12462810.528495288,0.13466833659782,0.7635157318870776,68181286.74741375,0.2426716486345522
0.8365323401422655,142.13927722970004,-11109542.383205092,0.5170211373151319,0.325216958731944,97677499.94347216,0.0432959825360696
0.3149097162337265,74.39498690622227,-12747742.546130354,0.6902073551580481,0.7982030716529024,86235474.42855096,-0.1377617500754237
2.501745856828052,113.86517253987786,23780330.62215104,0.2435080625295553,0.1900643123295496,12123546.81809762,-0.0564774004170942
2.2085148283885663,155.9136490306804,28410084.959797096,0.1853496212123177,0.6629487819686366,90870454.42073554,0.1021383295429398
2.2683193537106656,171.16610914008737,-11414925.874989526,0.1728309636534573,0.5325587813159283,80487857.19687633,0.2088442772869925
2.3824299360520533,30.73785916258164,-16647111.462084576,0.2819650885405573,0.1772275761563526,80233851.12138824,-0.1585983312237958
0.4999205596820439,167.15283440326152,9428311.127728082,0.160627486606388,0.2935150626070711,51219618.31032144,-0.1879924385139045
1.2678574670695362,91.12035128891918,-11044460.885619424,0.5152968050164791,0.1099232290218518,45820476.365905255,0.1870965175371782
0.6128464607178503,50.19276795231771,12658636.355110217,0.1373750788780376,0.4750143723716047,37262415.59498733,0.0389614177370903
2.6303792498641023,85.34875734169573,4058460.417025994,0.4056532768898738,0.3410122086080003,15912537.30589292,-0.0868292731876366
1.9829049424344063,176.5057006749585,-30314882.29994464,0.698018112311786,0.5786859874382071,30541182.71443292,0.0534629086122435
1.193424667102153,91.20816644875218,30950104.026601236,0.5883821617036112,0.3377902461668938,32194327.148022216,-0.2635747739016877
0.4716075457722638,62.531531800313935,35917553.461910434,0.4691316629386065,0.3399352892055878,53566936.273918144,0.000337550659716
1.139652268632288,115.845149505427,-12255773.809687724,0.283752172471967,0.6945545589852827,77269996.59370247,0.0327821172843085
1.1779949694722172,47.025483286183785,-7754031.198719683,0.4743375017749831,0.1385142687826827,52642884.5558152,0.0924270139537829
2.269936681512773,18.276082419016184,5717307.8144981,0.4162248783469909,0.8223159961535899,15206000.450244457,-0.1013895952292537
2.021405172659076,27.553951334363614,6689135.7997405,0.3556500303342229,0.7818110995129451,96201082.08893836,0.0085687161403359
2.695474404956081,27.408021817610177,13170885.453456609,0.1784262260441196,0.6342437465811253,94845188.7184701,-0.0925424626059587
1.5749802979372631,31.582971364651517,40204090.77532699,0.63196252914428,0.5745772560859075,80667058.88335675,0.0255383755674317
0.6229044640334146,29.294755213646773,-3538944.549880988,0.3698707892927935,0.8138419985117218,99219511.14077984,-0.0895346322363024
2.2257609255020867,117.15308034056255,-15965944.890769076,0.216773507092459,0.2482641436229715,59003409.95202366,-0.040810083916022
2.354119631265623,36.829014769850346,-27586384.560290545,0.3206556105263737,0.1631753297526629,96649151.52278854,-0.0995815394790229
1.81544843343764,65.49177458167605,-14618600.79883838,0.3484778515173562,0.2916081359276304,16804453.65550757,0.0651136241823657
2.3816113858773145,161.93797173355208,-662539.4574759419,0.5965227373401245,0.7356626229601523,42911267.34352341,0.0858451116656665
1.6332481101838552,87.94328704600267,35891157.27035575,0.5401686283368412,0.1277362133811866,30284314.12060893,-0.0234620569957413
1.711378639331384,121.82260424117976,-10352225.980723428,0.5615829361848038,0.5662454680667918,27624977.572084304,0.0038237994960028
1.454360749568084,35.15597746028522,4475759.03277797,0.1066187586571883,0.896350012953048,22672265.400340848,-0.1448591414633544
0.368631642209057,38.65057829151738,-328457.9214550415,0.3496923989078568,0.7845568750700316,66017227.7409397,-0.0299676648006787
0.5913068528819221,12.1520078466338,23767865.46896168,0.3888064909811941,0.5171565512348716,80318967.01725745,-0.0050204617041744
0.3848588013541825,34.5636360376288,50538648.51747243,0.111515366093834,0.1509127274293139,62046855.94783246,0.2620793091029975
2.018308110412207,53.75330933059276,-10617375.458406411,0.2558879252470205,0.7650988115085678,23226643.86293887,-0.1111967025774163
1.148761148906082,35.97683474843069,-9788788.850364445,0.556173893873281,0.5791828065417685,83001139.29401238,0.1464177238752437
1.6731408661446976,20.52294340748473,20883217.54138144,0.1822658234373994,0.1919463976476534,67235923.64473556,0.0996858773465808
2.750429479600451,26.111277442605143,13637829.792526228,0.421186078871555,0.1750858278586849,44934913.5514296,0.0280636404490136
0.9730890187019624,85.63628440572701,36934146.51472067,0.2291211232103425,0.827701455549274,70671726.59824567,0.1758620484195133
1.4080338921962003,41.10840072101369,11678563.706519278,0.1072724647863359,0.6353602103504628,33391448.131854955,0.0372105472606862
2.3399880740662318,68.7472256834132,-7185841.815741191,0.2447208745597248,0.7634294394534045,41067298.764478944,0.0389159195667928
0.9177550468273808,93.09802239959996,11813096.613846188,0.6855242529460323,0.8031831202258138,92573725.88187912,-0.0053120653017545
0.5078457565377411,125.81909501013892,22174071.61165816,0.5809222671297938,0.5574178816386578,36145405.51042783,0.1223568882418627
1.0823289228671735,11.879624472192312,16409643.62394728,0.67574598659262,0.5139570814040331,52298944.1342143,0.1096469233810883
0.7352974755858119,144.89681980908247,10145480.622145956,0.3927124263558175,0.4443419282567922,90112702.36564133,-0.0625677287496212
2.810183661324947,114.88256816090886,21333493.79178308,0.1658417192065021,0.3535572702328954,73694921.52407748,-0.1319247194598767
2.481925024823926,19.307830591052586,23385911.80891345,0.4287756933842157,0.4476767686869695,15598290.354823248,-0.0202980637395657
2.010190142578143,157.87625921868602,27643179.820750546,0.3726264007359765,0.7191037245841251,23257273.98510733,-0.0800038564397646
2.652943593506838,166.15267009306731,12974197.751792854,0.6066142496437695,0.5815387448121053,10705743.169472514,-0.0063524574615355
2.469914607627609,15.688642974601157,-3342361.606337087,0.1588495484705467,0.8140186319638769,66782961.12062471,0.1237438134684139
0.8037391589922969,53.45358842576065,2934273.7286664564,0.3929446822130669,0.4547040115033501,50290608.28693765,-0.045730165508679
2.70990929592294,146.08522396378572,24130179.330167137,0.1900291988163905,0.5856716629750033,22084736.5812048,-0.0042823381311574
1.756224053172257,135.9454458171402,-16338713.41974472,0.294805556134036,0.605046042473591,96214070.89510934,0.0058022734808395
2.4800884189429686,37.29117838736603,7373466.177458024,0.5424142464326798,0.5733577298450604,57669375.15510579,0.0848430882205284
2.7194465097934315,41.6361315839243,-7866776.246547214,0.3856108776212599,0.662107018468413,31770396.470160022,-0.2246889333984605
1.1586093824240324,69.83261798849185,574896.4586963498,0.3255329710874616,0.289946774699845,55054321.40392368,-0.0606700294765296
0.5971401962247272,89.79152240842873,25569037.252145976,0.3366857671420211,0.5098910220366325,71165829.9461597,0.0211283692279472
0.9154249388632424,113.19458501780178,3821981.360398066,0.3756680610435919,0.1833798422466781,16861529.617620803,0.1200078956426861
1.453191029290892,69.55988692471017,928730.9631229762,0.5710099263022341,0.40760906211585,34723343.354310274,-0.0491902447506205
2.508639867990732,85.94357532330088,-27197122.819598384,0.6352508133641406,0.4901336548970115,82626894.17955942,-0.1876552706041874
2.6239725747921274,135.80741417340738,14925071.320544414,0.6732008119023569,0.621779407636378,51369838.33623951,0.0619711445966136
0.3187707524342149,11.419560505854632,12909683.622821508,0.572142031753177,0.8604248420689629,59191942.78290654,-0.0635362388825629
1.6790177169594276,49.17646526020364,43265094.4661092,0.2892441374488076,0.5805208532386847,48953440.19885223,-0.1189666659090361
1.4270097085017035,129.83617752979666,-6155564.699060016,0.5128808236519253,0.6948751329412478,13950994.83787046,-0.0624345389713224
0.8996910882709717,161.6611965952599,4383006.55327878,0.3625618744332352,0.5050128475961623,24917480.183814038,-0.0184525357655849
0.6236364918009436,94.54355237024156,4987673.674215105,0.2528023732276307,0.607283225101065,50098747.48677018,-0.0604744664538212
1.2115609627897956,98.11985992143023,31549065.595269486,0.6045229476555535,0.1567457729070187,28826691.886713505,-0.2205566057099069
2.845856200563801,23.755101984460808,-1905910.647739042,0.123055809377395,0.3035132646734776,14498112.579371087,0.0897066196887132
1.1726479164560393,83.29716419410457,5580430.515406785,0.641057195281254,0.389482474564111,85928469.76466414,0.1274875041278722
1.7007346787070885,98.20802162962906,12157930.194330784,0.3768864787748405,0.4779946840052108,98307327.62477042,0.0651521991339505
2.19815118901698,47.43233813607769,3732182.4631271614,0.4823208860849682,0.136518996401907,81382858.65970655,-0.1137685670424816
1.2817999264240938,52.11756541614167,-8928672.291010566,0.4956123533234696,0.2120192780426541,86840642.95342003,-0.0201491533947518
2.9238116233465936,71.02472854330897,3881799.857966152,0.6370706444239218,0.3214514462330446,31777941.728534084,-0.0006521315229458
2.8986076963437,8.512459611102114,21472634.99719544,0.4820018093003244,0.8772261527208406,96456427.79618798,0.059879438956191
0.9798121987284834,61.3638539770562,-20530305.98822121,0.4683601508560371,0.3650776056824406,27723313.400808554,0.066834048871808
1.6425709659094407,42.00340122439531,2659393.48293752,0.1399912243364139,0.4856328464896661,95628682.9325649,-0.0734173798778495
1.112371436505278,62.312036631135065,-14002416.298783464,0.4110448131671225,0.2568781701907143,99533736.4569356,0.008199555641356
1.0690693348191629,25.958373068368964,23900932.57849685,0.190101400490225,0.5886240568606146,74055052.51714438,0.0457280404615241
0.3995947578572385,160.8422741294816,-30463738.09567549,0.5424602612328914,0.3245465724127794,98302935.86126398,0.1455822322146766
1.9458237017457216,108.87867937195853,-11178436.945431769,0.4073331524876047,0.2655940627507414,61258580.16103933,0.0704506539824723
1.657233362717926,123.84290585028567,7544237.501290417,0.508136667525012,0.5132581027567833,33358760.48584813,0.0789056687375518
0.4389926283749712,143.1049667562842,31310480.58468681,0.1250037403614305,0.1044046393283366,49329629.70990588,0.008382662792936
1.052345453438851,92.22738481258504,-1315005.221459756,0.1508752096274819,0.1061312261193802,63420484.18409073,0.1410459145203504
2.752317892109965,20.211050415299148,-11103990.533863967,0.5297940328376094,0.2752550472814862,16577340.58243135,0.0409762795959497
0.9468171048008256,98.99364481824584,37623141.388811804,0.143250601599204,0.1293770900006569,66010893.81555215,-0.086108791017357
0.6912161546463024,107.69719565365384,-28960278.00832488,0.1427540366591551,0.1864206033045531,98306005.3086065,0.1403369970125191
1.6215224527494203,135.45190798225775,-43976119.13240164,0.1072650851409324,0.3710885194710013,27109688.480535485,0.0697903272539027
2.9612562260986217,80.54042059019389,8800289.001066647,0.673900838979688,0.7420685436638503,81333560.4659545,-0.0443044021128482
0.9535492330810512,27.326552989223657,-10041084.487052225,0.5425050156754042,0.5576389146954407,91710891.44016574,-0.0479492967399243
2.114765977995872,54.66078351477678,-20424656.342614263,0.3119508451012385,0.5101341807651332,94933143.35381988,0.0296575545140761
2.356372961387537,68.53940186976115,14167128.945987066,0.2779213487725931,0.3347910585664973,96412204.39649025,0.0463184795267584
0.9416213687794792,118.03551723303022,4876014.275423977,0.3098219378475097,0.8454029755462531,56931367.48493248,0.0197292265631206
2.2661841412520207,104.88620331705958,-11281572.614734568,0.564792118708709,0.4176120329897533,97957711.71923532,0.0311308673442884
1.2930144583419838,67.31692703212309,-25606087.97341789,0.4968223666422486,0.1696742134366172,78157918.6420995,0.169995737457638
2.0072257426026647,177.64016853877143,17449146.565602895,0.2111173407204807,0.593653212894241,24550429.26132657,0.1071543152234885
2.010530219054416,111.01059338745524,13004023.55917322,0.2044656012004506,0.1910707147812811,52921009.5821173,0.0190635591265024
1.746591647001848,46.51468855379903,-1983517.2755876584,0.1590373898280384,0.3761785142413537,74649805.78348036,0.0941310580767483
0.5437823791469024,22.81193270857065,36932739.92095332,0.4961816318208029,0.5059295509742471,32260628.4237175,-0.1032523903527539
2.5553167380909425,31.750349357258106,-21401695.32652305,0.5586235973330416,0.7993780197481407,67655366.51939985,0.0397927049946809
1.1661061754236868,48.04260246728892,-30510503.418494776,0.2590278569950024,0.4948372642720949,69994043.11419573,0.180930634973311
0.8035999780796064,33.11924032042224,-13838161.39762489,0.1125669766185477,0.6618070128253314,24642976.94277093,-0.0218045895392373
0.4100928821978625,37.64922920897851,-911720.327109956,0.1493030004858564,0.8942534711992564,60857678.12074807,-0.0847633928619084
1.8954109466082527,54.89165452142324,4866788.986453837,0.6807160209070182,0.2051912959183853,79446421.98807469,-0.065208888859306
2.1294237769741624,35.34037917658209,-4824721.157126597,0.2772668664864521,0.3197852204156156,54900609.80823477,-0.1089633037342388
0.3447871381052116,161.9339493096244,7041107.930285936,0.5615338887028801,0.4156608604781171,11089280.509849668,-0.0784761908127703
1.6826512574080588,19.040905490787388,-25030788.483808883,0.4747981413125582,0.4374625428310651,10813462.217136296,-0.0370508098590029
0.9115385930344324,96.78949317479456,28875292.08146519,0.3291637837917375,0.4288168602124366,42132640.957301095,-0.1405567019178642
2.041966534105515,76.81944472319077,-1643023.567851376,0.223412357317333,0.8260888020452439,93357466.1588604,0.0015618333949603
0.7707893583134768,176.91625795900612,22345916.631762557,0.1728318508956438,0.6712261155734851,30580910.16432479,0.0902277173786647
2.165531892876658,24.60680787940916,6854506.927554083,0.4690077808233199,0.586324171272563,67092731.99845184,-0.090775618014692
1.344185435011451,74.62472983300479,9135064.38307568,0.5647802683826728,0.3474981742902256,29986828.36239885,0.1519283923641768
2.829170969589183,174.65732582318955,11395345.60464408,0.4863425521246783,0.7590323073770358,38950299.06935938,0.0510792088527594
0.6713065491941819,156.46374703144656,8954171.200346299,0.4181812799494949,0.8640484091879912,86323788.06413355,0.1030580585624057
1.220879147835698,147.987612416124,12854455.197350878,0.1251707340589817,0.7569586260401813,75597529.80429521,-0.0657834553852137
0.6063785073495904,50.13299473286447,26583050.602648627,0.6810932665566303,0.1012520841531783,18585934.95818896,0.0854525227066615
2.7966727693521194,34.90532779326152,3930423.394029402,0.5792285149927447,0.6091210961467256,48583181.88877903,-0.1091933900395313
2.668816254128649,122.01256348677542,14180075.151770243,0.2756932220205788,0.1409083051536805,12625278.728073802,0.0890247500836508
0.9964423948309202,167.64079809732752,-1794713.8857445344,0.6879821976153103,0.3060857762669775,53280113.19427081,0.0171839339793531
2.0819569242922835,102.43350627743771,28802344.308989458,0.4611289537817933,0.1476197602782173,69619061.05309613,0.0553251219984783
2.506499940543282,105.03222065723249,-13527846.041185394,0.4494535949243479,0.5830363623595102,20665236.12383364,-0.1175594605624851
1.7990421913185484,53.99634139054973,36018808.65821631,0.5488439076577193,0.6492719307940854,35999644.501824915,-0.0895069842276604
1.7300565615612176,139.66126330858896,-803159.0128868682,0.5870618728540825,0.1915901104527241,45805296.29519413,0.0597228218253384
0.9530011854312196,37.73265599756659,-28615502.04236096,0.4938871643989015,0.4070711064359836,92757792.21904448,-0.09483480042242
0.5513774730759279,61.64386637074264,2562088.298215785,0.17685744781972,0.4649892071644336,99392951.38806675,0.0463206292099123
2.7224825464739824,79.45137675787294,-13621033.149497615,0.302960503596699,0.3952424174087333,14042016.909605429,-0.1367137806460245
2.7311287543409923,93.83181626977962,16812870.979774483,0.6568501841956298,0.1968200003881544,78490713.11458528,0.0848174212666668
2.009373934637824,47.42170317263904,-13052479.58604782,0.2347693671063111,0.4351582321499804,43455165.97621089,-0.1232523314768509
1.215380435831492,25.09644432936062,-8923668.664295595,0.323300214302508,0.7009424382467345,45321236.760653205,0.0552299937679523
1.2428658514541844,111.8585074272857,-37790814.61891062,0.3592461297665176,0.1568061316266044,77883847.60123204,0.0625630933646
2.2600803329496464,55.51034681704476,-9046126.384981534,0.3636429938166713,0.1641440112655227,92658378.89308678,-0.0696771818429575
2.7221977018719583,106.71668874895715,-48477586.53257913,0.4677637494967153,0.3838170334687873,95583573.50522935,0.0582026567084726
2.6951333455158166,32.01347517298541,-31678056.469714463,0.6658455026468245,0.8533805692951401,61941032.74344887,0.0260442263333555
2.4056639738155843,89.19951782459306,15208293.122885948,0.2444156270995029,0.6348581173783312,42140904.33704525,-0.0538841856192738
2.033485444616577,98.20315069652752,15716003.173016643,0.1729008257805508,0.6429359653380519,80879417.72729014,-0.1008554684076208
0.5271779054866319,14.069118943924709,8509151.235699294,0.2184822939159623,0.389535992670292,32590124.493607026,-0.1962625691672579
0.7363975280554572,63.9057486839361,-19339522.86258426,0.6321549401255616,0.5749286329668307,60766662.5950166,0.0349650047299693
2.726096309023114,28.522568464320493,-954227.122839597,0.4874864875931236,0.1081049472221947,42272061.53723858,-0.1564802771362055
1.937358461080893,16.090619832734355,-72050.78181136808,0.2715440735434961,0.6088768371276337,69096796.63370885,0.0095344199441308
0.3248320393649,178.2430406682404,-23167293.783850856,0.5895681633811704,0.8306295580609894,31635902.16041562,-0.0263448216082249
0.5739731657382867,61.41192287057652,30067966.035343014,0.6168219978180616,0.5900587746758553,27243365.11613432,0.0679142775438195
2.0914547765917506,146.7280280245611,17547245.811513428,0.6079086032141667,0.798958874773076,92641517.80078934,-0.0302045499489864
0.3136662763847904,49.56211458365868,-4419283.476593278,0.6513559201837327,0.679178444372875,19162331.46545832,-0.0329447786347091
0.7341817388272465,124.26297638918764,537716.7798906156,0.2513446121040169,0.1964467331229522,55536211.69614385,0.0731870704288295
1.7815812312897827,138.03987548069514,4167656.1589510497,0.5530251572477669,0.8219626458286734,29876750.466670804,0.0335058029084117
2.168117033770272,109.23677960637276,-40834697.368485816,0.376323698364484,0.1531550754846199,13503696.69931007,0.0316155957182778
2.0602954006570213,87.52583299627771,-4943547.650411938,0.6051991317340368,0.5271739780382111,13241693.646228377,0.0469267589808526
0.9055271355435116,77.072159975772,-13639684.959955972,0.5370944062969679,0.2137096990347661,25769959.48952446,-0.1535572123207106
2.2228838976383467,66.05194664502417,-20032400.19789831,0.5658684678998348,0.1093652885847232,88009331.90554002,0.0756788679986982
0.9405725362413602,167.66760024336952,-5622005.857719098,0.4936971026086428,0.4376274081021112,35423086.9579324,0.0612468794013602
1.178579185030023,150.3583963628526,35953730.53699045,0.2064572616818241,0.336032566123325,95541325.3517766,-0.1016683128576497
2.315526793818665,173.8797093666397,12816857.225340197,0.4270161513381629,0.4888003950380825,62346006.36902742,-0.0244080473674201
2.0540088274274795,26.75201410997033,-11423579.795655936,0.6908018437147049,0.5617599093876406,49295277.07918895,-0.0039307287627631
2.59290320833428,132.90180816063776,11451655.627123171,0.6624328398982713,0.1349912578471579,62207995.12025091,-0.0134496784401732
2.075554809210927,169.20957994368163,27987108.73172004,0.125904241478207,0.1984026360989965,56502854.6703641,0.0333859966568534
1.8344332290057732,36.71578657899053,18492673.658255376,0.1988888894376622,0.5469139171603403,78289862.83815926,0.1431366781831183
0.5529218731358496,16.636846789186063,1192607.3984034825,0.1790372640727371,0.3745338825381266,35424645.9375567,0.1081766727672828
1.2928326682604705,134.69611362576035,-12938735.554111475,0.5355879459911773,0.6833387900395584,41774535.24402721,-0.1312219193431406
1.0160463927406589,105.5327948064846,13964466.2722718,0.590671197914167,0.6218333188735518,90468487.22799256,0.0622069990306048
0.9587720371235258,152.3200359326976,7869707.708434992,0.2281068197864031,0.7764834903919254,95181086.18353648,0.1328933319535409
2.9271284978316032,29.46016590960066,17903864.400554646,0.4035116157710974,0.6539942613353802,90330240.4737827,0.0386808520689202
1.3613638566002533,144.17177957548077,12703436.03363939,0.6044218168067199,0.4439448619121185,47750319.45615822,0.1090980425185967
2.708525698978206,40.284781008355296,20991054.3063867,0.5396809268597503,0.6383732979155459,80232895.27061935,0.2012270445700765
2.00407429019261,33.639790001498284,-10704704.23121136,0.425342323295109,0.3203049394043348,52870215.99709889,0.1023709546106981
2.4459905195624505,33.74651463792377,26347881.312686518,0.4542086142752637,0.3450507990225702,54778586.6931492,0.0249308595641728
1.6571201513840188,147.55057604049188,3951992.093847993,0.4050163281497679,0.7311881279366347,28421209.815155555,0.1045088474084753
1.8576404884911697,121.40951362183502,41505217.45250531,0.2785290707912923,0.4571356131212657,63201727.29326648,0.0144887833096891
1.6297977733109326,96.53644933459589,-13783756.361791356,0.4390131957154096,0.7387042724146821,26752230.79780132,0.0023903043284955
0.8271560670547202,67.79533472161293,34719276.06330499,0.5133311812300544,0.7579378989346227,39840822.91604744,-0.0351414235713732
2.2506207112060643,158.51009464229395,3958215.669252956,0.6239937495164846,0.786049870129027,86952718.14579417,0.1563413358832108
1.0580853785903106,73.6778937989612,-13028360.072288968,0.4817748123875488,0.8333081886729659,28636822.82897697,-0.0818428665942001
0.3656531093649253,147.90490190752598,-9677716.68108643,0.5566729222258948,0.444788176410637,16404245.665608954,0.1532367724678116
2.042775198949353,81.84860899978823,-6406946.163886404,0.1960429809727438,0.3550934546569111,16210683.335153468,0.0499864123740371
0.7781988343990321,70.96527514935883,8483318.928038329,0.3769344846518739,0.5657589972752911,94670606.84527972,-0.1399306174801941
2.839238177752869,85.96896249218112,10456709.760709992,0.1055989718962559,0.3969379387501021,55622839.41656511,0.0367649292991421
2.8756071579069857,57.74112797872486,-11474000.07877158,0.2480073187129738,0.5808593334401864,46847086.46353165,-0.2100026507651624
2.770133853595211,135.83164153084394,-487091.8452196568,0.5358770290678029,0.6644686901150597,82979072.29071265,0.0625508016831035
1.2994284906897,92.97606826618386,42845407.17223727,0.695085970809618,0.6507240147937094,85224333.51194644,0.0885231482988991
0.341732864627942,45.63722165069303,34550863.402014226,0.1595068597523295,0.3996423096160971,39897192.980404414,-0.0592355955652053
2.8064601189868585,162.4255503230495,8726473.393480642,0.3408965895167729,0.2334881613590022,72425625.17264158,0.0123547695955582
1.4560972004567487,72.180963740312,760069.5633640058,0.5800425812194957,0.444423470769766,79401053.42666979,0.1954157433750286
2.909968011417908,100.121750694948,2400626.534365226,0.2224213807773393,0.214075315265527,68918561.81793591,-0.0505746704261936
2.9017739381409826,163.6326194187957,12270359.454608332,0.4330509695813718,0.8120776281470466,23643556.73200894,-0.10589075870566
2.603125529761872,114.24164928494862,-20455851.303968117,0.5398427776178049,0.3767019685902859,88829477.51653513,0.1481663402462598
1.0950120085878814,25.45715712396371,-5147530.748466902,0.4695912701561074,0.223567797778659,58518509.74624078,0.1962587190530794
1.3397638672251984,169.47062163235816,-33371681.477551788,0.2128148407692496,0.1203582079246007,35422518.37330033,0.0003695671847847
2.5980690130955137,114.84890928749812,7984462.4521055855,0.3132307412114437,0.6166579090291874,48270536.689392455,0.1011463035408356
1.1556894139219498,63.60848256499007,12943918.79405482,0.5702750706912383,0.6095218539637945,13381398.135901663,0.1341475915530881
0.7576304160524497,29.37261271609277,-9663729.24598748,0.43253590847921,0.3724833332650333,21508012.110017583,-0.0742484232538384
1.8033634086375456,143.9544081223018,31479735.26580066,0.1031377681257476,0.1573695110781208,78899207.54642747,-0.0485305835367868
2.8276178902341087,113.51273228748988,-24515313.260046825,0.5565944560168563,0.4277031159161856,10001047.127982954,0.1230874513154735
2.1792804510224277,98.35569109585629,-29287497.604196403,0.1211868129641434,0.3489739960507149,47490924.563406296,0.1685014278708509
1.8391651592412857,161.4312020339176,4489036.371199441,0.5474402696387393,0.6416965117880075,57025916.29770296,0.0562880860174354
0.5623765331810751,143.00451196429287,20941966.05224309,0.2214883360991424,0.5846233995621523,14917097.800087508,-0.0879814353502054
1.9605195120877583,31.54310395323145,33678553.829157375,0.6748440880716281,0.391674982558032,97577034.66750996,0.1987061111699441
2.973145395281511,59.551361864220944,-9177685.2573788,0.3207644507812507,0.2743140434039921,30351279.812470477,-0.0530970897811964
0.6782268411386149,48.48559946753151,21573616.668625917,0.2961589698028474,0.8904287729244735,37377884.76726528,-0.0335137781171451
1.6994900613820894,135.19060120021848,-770169.3900141441,0.1893328301994668,0.4632012969568919,37354826.10295246,0.0342337834489621
2.6689072942054795,10.868176078761392,-3452545.9988163924,0.2833625292941289,0.6506193886241897,30737499.59056149,0.1554160420714774
2.300075267936352,104.7306948524804,17673198.749733448,0.6259904570969202,0.2124423740626886,10132643.987768028,0.0853975976552223
2.1819425006872235,138.43027000462084,13046457.568268392,0.6978006025763483,0.4884717597275182,75641031.46791968,0.041486550036191
2.196707026765195,158.43398643330616,-31527843.139684983,0.320985718304109,0.1220293758955723,97016094.98193568,0.0463288530118106
1.270626108293339,64.86430602528381,29530806.994517915,0.3691663785727255,0.5043640943283599,30186413.49565405,0.0043514668643466
1.092697979514132,148.72002831760224,27601827.08294903,0.5332425629216422,0.8712139256941619,69674247.26230802,0.0558139514518506
2.4852751197919867,24.360553967161263,-12511254.030190589,0.6317174682790446,0.4073653703886402,76770669.42628436,-0.2529560077694303
2.487306165633788,153.12915105354068,7916070.66874818,0.4558266005120704,0.1311968100599292,86358284.11814722,-0.0296607459069798
2.64109526016628,27.310515908096924,9880603.725654775,0.3349154189066976,0.1247646327354748,48036627.73122482,0.0241321934916781
2.7657494919024725,74.52527584806427,5213475.316478143,0.3475731045091742,0.4103894079574955,37263781.50763863,-0.1151014083619507
1.6806244769245322,144.5266890114219,-11006103.076908402,0.5173708878980842,0.2280199491705552,39276562.0620728,0.038632331781156
1.654093995655439,31.23554978603541,-13432467.358761031,0.1019309581625672,0.1186816770625487,74135919.97886616,-0.0204471220986121
2.455396983210293,45.11899416571226,-511081.4198289056,0.4717536024759043,0.7049708911601414,83510151.98550725,0.175547569831549
2.054902613099966,131.3941994687866,23454580.38518729,0.3132958062648144,0.4668184071055126,26345257.09809424,0.1573019725214856
2.195310568595799,131.006393895563,10872003.091888648,0.5765183987662506,0.3313958175781236,43384690.73419887,-0.0465805569118162
2.4486402074774727,117.20083575492704,-7412286.6417221185,0.1557943838938792,0.8200665464131845,91174617.70742352,-0.0150837711566695
2.703014422907429,126.4409777817425,15433974.212966897,0.4529213601690343,0.1929111681604205,82602416.77252653,-0.0073947565608392
1.2125869234991469,99.97677758582932,-56970852.41260151,0.3885837339316742,0.8647350631642554,98637256.24862282,-0.0451659476159622
1.314073972127849,49.06483530871673,22975314.00744207,0.4853953155431364,0.3511733739018823,77882343.37138727,0.0195024984028126
0.5537512375703464,65.4967988631859,-34794275.57556199,0.138912156689781,0.810722937846945,45387568.092513,-0.075828206888759
1.8613563806896696,36.779600440249496,-7248818.828062643,0.4479902724568787,0.5823543011835692,63157405.0595174,-0.1130615334937526
0.3970441392512036,163.97884823338495,-22393397.89252288,0.4368907527757142,0.76136588779319,69491282.88225883,0.0622711223900268
1.5571146489576426,107.09356408407108,-25893629.514418118,0.4363960566497026,0.8872105305683714,17061023.468541157,0.062952958422181
1.765140513710457,75.14899793363698,23216535.747570388,0.4620925999578729,0.3307243502549966,59004726.31934786,-0.0804315759659992
1.073661380746368,85.85101563772322,-9354024.026237829,0.5058807623358174,0.8689083883260744,73838874.56253487,0.0895355430762599
1.8952498035363288,170.77458443206768,6930077.634614316,0.5829933998084619,0.4115855159219362,25058917.360095438,-0.0631577729165331
0.3823506748354334,31.836495545314037,-938411.5775836814,0.2618924320769286,0.4084095237895379,80256854.56830014,0.0253165238037981
0.4008401096228789,107.59022060293952,9540816.54446243,0.5950296461080372,0.3723096834036046,62539550.246270046,0.0820344012612456
2.5210215137810774,93.53051880478156,1536437.8212051073,0.3989534093580722,0.5331260858780682,95699960.71278352,-0.0033612564703713
1.2725147318104095,112.00449120106336,-25659844.48377139,0.1462349674805987,0.2233160345427897,13818006.838620253,0.0454740912141134
0.6430633841600889,8.16928216864709,19925336.3889428,0.1351305575463875,0.5429691882864089,33879352.37999202,-0.0516429643887571
1.7100568021479718,157.6216840652265,-9875131.66322625,0.3005429912176365,0.5333638499280032,64139849.13698417,-0.0196466583428097
2.378982593366249,168.12069943463217,-31131637.97319502,0.5709381862668805,0.709521450083896,36690392.09853376,-0.020585943088034
0.8827167742414765,103.89830712811155,-8562303.21931825,0.5246085608445494,0.7669199695500685,74298174.7664118,-0.0746578346540239
1.9818042847113009,126.91389417845616,30015195.812686216,0.5731689788034439,0.4523530802499392,78310475.42697379,-0.0176774163115782
0.5304381554831736,166.43739170602674,17004434.842269856,0.4103614338649656,0.341866599481195,19226436.765982702,-0.1548618298863746
0.4395406471552407,128.76676100484474,-6973042.688157184,0.3641193987732943,0.3074679178536755,56246901.7786091,-0.0491153747142104
1.7346575052339996,31.694332509995736,-6985154.086368576,0.1884715160237703,0.2556990693638975,55800150.00319503,-0.028487549336967
1.7597148283472877,105.85046302919233,-6432701.024347653,0.2969156521655869,0.1461180657592199,43235269.3193987,-0.025617975249538
2.021060734045158,111.1751331169998,41534959.671216816,0.3604116197043251,0.3739583830677707,93963237.63127048,-0.0241497445870778
2.260446601051186,79.22286747791756,7638709.044631067,0.1531602578077703,0.3161981537046266,84475568.78858991,-0.0061764199860128
2.9348006145488434,133.8777412343265,8600832.943821393,0.2323671716267267,0.8731339086931259,72748844.3718673,0.0479441518086063
1.6940109404132275,168.5142275845776,20605669.080636844,0.4589351764382433,0.5461670610000352,74289397.21614978,0.0874517074132522
1.1719824769413645,166.97448975868585,4775783.180530271,0.5413978685435139,0.377821631224406,51554452.94318072,-0.0649765226848267
2.4470027258755,83.89688999572311,-5180842.916414063,0.6990085068357698,0.5643740807949568,92889506.89869183,-0.1203200855389144
1.0312470784076004,24.81665802213217,-3926996.981699565,0.6598679988061346,0.2113573610765564,72513588.45279568,-0.1042044412243103
1.4852228359052175,177.34720981840854,-1432025.188281279,0.4855391197211149,0.4552349993617623,75608295.54902348,-0.0487202921194927
0.5118322296241181,151.80716512803846,-744444.7301968319,0.3527488319764432,0.6009874571368511,87552181.34086107,-0.0351921317816509
0.3684470072217353,26.815969210571694,14552590.872739596,0.4817064188249396,0.4911182654339611,34666443.04079719,-0.0769996066197457
2.8991507196303976,166.14732945804016,1038917.7161459888,0.5713909708481392,0.4214230405234594,82636381.34800327,-0.1296116664249894
2.557146325382956,157.23186336087244,14652801.544311585,0.1710017145540324,0.8950787111197586,27571654.266084284,-0.0456120827474188
2.1791303564529847,95.79665999706262,-1614331.6021716464,0.3459429338177729,0.8042518097191417,41080775.70203991,0.0181426620113971
1.4041729499185287,108.47320125536262,1572703.806321812,0.6038813713813703,0.5987247665275521,40204940.884285845,0.0595029465835564
0.7678946641912836,74.8254731772728,-39964013.69064216,0.3302997711598264,0.5555018889458262,98067292.15502264,-0.0557423053108321
0.7223800152119324,14.583286793855484,18326553.494049627,0.4431233627363119,0.5965283838596672,87088350.13731341,-0.0412997822143434
0.9756558250444074,63.65951728803266,6929769.517959854,0.4526616165173189,0.2610496862579466,73105287.54312338,-0.092669830884731
1.7829119947065255,145.499353504652,19960202.197193045,0.2106857518801836,0.4161101946114549,75435108.5453851,-0.0031439170374776
2.2294089912901685,5.8106040258055005,-57925107.56387378,0.317341264991373,0.1315676263127194,60586551.4962314,-0.0848428634190814
2.0825329171378746,63.36235504595023,41767494.09561455,0.3007067732451592,0.4804368299894613,95238160.03976671,0.05731278132412
1.0558215217540456,74.67952137841507,-2791792.563103475,0.1157180251192388,0.5344196671661305,54663287.75941254,-0.1785866491934111
2.878136257790624,99.0442305141365,22163656.33475033,0.1145150583348131,0.2821997888825677,44246593.88829051,-0.0359629672452462
2.292321675078575,165.9747328722331,-20798118.542510618,0.5990182262054641,0.871223077732411,24673180.32384319,0.0301107339191742
1.796755941780782,65.61054901404322,12255478.101251394,0.2638424859836874,0.8275636887497936,80758508.70349522,0.0183834516322504
1.9516460148327512,65.71681033183984,-21068311.263473123,0.4108472597432893,0.6777145883647246,76099953.88680324,0.2693033663980497
1.4329201685550328,134.06271841920596,-12475379.213916102,0.2792353441532638,0.5267093030122901,44591953.46717214,0.0349800024567907
0.9688736716531252,84.13813965571626,38280627.07733572,0.6644075470692042,0.7959753277181479,12267407.256330645,-0.100405459684201
1.2611262323584065,44.30584401449684,-3813648.015266932,0.2555780553194642,0.2045218750587703,85509759.49462096,-0.0095464247089073
2.3461844982537965,84.17691532322135,4348657.463594457,0.357794087643361,0.7324078354199081,11027618.510866627,-0.1776246333466452
0.3388624193003408,29.649978566464974,17401354.613775086,0.6236381502907611,0.1998566511734786,73332980.16661459,-0.008059974929676
0.6133961293686738,35.86772263858908,9913637.759452092,0.6051601400750851,0.7353685300395244,97323139.87534514,-0.0833056057000758
0.4242071334587324,92.21436022940895,3008378.1028715284,0.2116608507077664,0.3206140546010856,49389519.53333831,0.0915390275560161
0.4099677662612193,78.31195366329588,7299220.049324509,0.5815859858774263,0.8016724648145511,31147606.449635748,-0.0549540274595534
2.6097435768297195,165.09803268691752,48068311.7047655,0.3749121320427355,0.8552336750603183,73438390.90390435,-0.0116765915795246
2.199876220326064,68.4189323454108,-1152375.9406717075,0.3897813232512132,0.2190367755240925,83541532.78140266,-0.0635557841404403
1.5802693385357782,106.6029612986576,4021980.9342993503,0.1800879834495662,0.4701404840523148,59178728.447006255,0.1738851351853331
0.5641522337577041,115.6462503859178,21013087.92015224,0.1483609082542747,0.8847899025301481,97033174.77305315,-0.0321242766117911
1.6273628628154475,7.291529902958386,22110518.659159675,0.5367635841842591,0.4867259487785172,14650184.9492165,0.1832557043479201
1.5783737811075276,121.11904010292436,23740606.111207604,0.3978766914131798,0.7908380180116361,55431603.847407535,0.0814151762118266
0.767645048757041,36.156294202206496,12774604.440583693,0.3621104215691078,0.570985217705056,74660855.25902951,0.0482066727335386
1.4713994529425274,173.18730555715464,-22860098.25460967,0.5377049371914381,0.4002639263356815,87637642.40342611,0.0368733147317519
1.3759627828729084,31.015977356794767,32668630.64602192,0.5593077393946658,0.3286268444206962,26133005.071701106,0.0393797298216251
1.9627952647409843,77.55922165222916,-22926907.86037376,0.1953449006016121,0.2625784728688698,82000313.35873133,-0.192767257934561
2.0147528573426383,19.93619191376268,6052709.304780665,0.4661350896865848,0.7094385531021578,59743636.81466907,-0.0278883394150756
0.4223208263845202,179.4529940730408,-15085517.000387158,0.1812124493666113,0.4092324054584223,45689831.37909669,0.0845157971184321
1.3114540594914723,92.88412680796743,-1282766.9318598509,0.5508250516174273,0.5090203697606009,21854352.57211842,-0.0048897183474105
1.9898217724284384,109.19237803100766,6575248.206069608,0.4941730937602837,0.4938603840009455,87876618.30180211,-0.1405189846803575
1.6584678981662369,16.73838354297481,6427144.309005462,0.6739687726500747,0.561823223386505,24154588.736174382,-0.0052404450577469
2.61252257120847,136.24308231985611,8438415.084705696,0.1413748098138527,0.7924617164996418,37880907.32881893,0.1704105516255491
2.078472805371152,41.73347879172751,32274225.38117294,0.1342328326907526,0.8845914748667435,36104097.87661933,0.1246891715534719
0.7399229531198601,162.1595006521249,9070686.030279595,0.2693122448159201,0.4260673668590535,88427263.07717688,-0.0062004009366031
0.4905356179811606,40.899437084351256,-4883132.705812974,0.2570234102415435,0.7620151376850425,70543269.47880082,0.0951449277058086
2.0345320511570524,38.37035111614165,19281743.365767147,0.2481872794431999,0.7116222357237741,81701325.74722351,-0.0366507020368051
0.3715805384623789,11.396191873416605,23789409.77849281,0.643752748312622,0.5588231611644586,32542110.891324908,-0.1703871586826719
1.881594069438351,87.61171539424987,-24552156.302739847,0.2497277199097036,0.8648377148895465,66238668.9646299,-0.0924465988129554
2.8386216518473857,103.84719832095789,11948001.39699716,0.2631698356771786,0.2603796124227222,61457138.48293738,0.1562888768508198
1.8537802802648733,16.499011899961666,14023454.846217966,0.5556389574507782,0.1874113682476971,84954733.9109444,-0.0273993081829304
1.3480588007576093,140.71733292162685,-5951270.067199838,0.369843905470324,0.7831695735643377,91547835.44331343,-0.0243383979375018
2.0368781897943538,84.32554608090483,27514136.26623239,0.5660263341731087,0.4513198533069986,11094109.432964811,-0.029983819627488
1.537282804327095,96.76829713232652,-3001111.7406505346,0.1392196945386311,0.7775750833656484,70661792.71529134,0.1904136589573007
1.7731653311530244,82.13348071418993,2511529.069430845,0.3925427162040306,0.814472164156332,14665221.920775613,0.1625958915362063
2.841954983696618,75.13353565318205,-3461436.485677392,0.1201681601099695,0.1499660748952571,59397279.85696203,0.2218780233448134
1.3424771220620906,102.93705797893811,311580.95162935066,0.1375919220732127,0.8067718103888486,35886945.61393104,-0.0159045210400051
2.895214522324568,32.16704303787469,-21925501.737904035,0.6438624720066465,0.4586552442955377,37609893.95699271,0.0295624488747095
2.744446733281372,36.837422836672445,-28801017.65188589,0.1835472226705571,0.5083459912033857,41766265.31071209,-0.1516642549420791
0.8286360639311003,155.81248367736552,31890101.264499445,0.4194524093651303,0.6012740088745682,65916320.41446491,0.1476934426118274
0.4872755123629467,170.57020587338573,-16939226.966366556,0.3466573615604239,0.8411060853840694,40064496.910189226,-0.1167779551267935
0.5721006037190519,70.32913034895677,-19827846.989126146,0.3084059957553056,0.1152928755438112,75942914.55312523,0.0216775563762629
0.3491989292591843,52.38031780012191,-43067802.2720743,0.6399000074123634,0.4814747746542537,46407464.70164827,-0.1097302527632844
0.5549959940410067,117.69992006682776,-12779234.953790044,0.1130940380652937,0.6501776339444485,16151788.027896276,-0.0588866826738696
2.1441182882241634,76.52847994216687,-26461795.86814997,0.4982738117053534,0.6781655661585828,80538385.82356966,-0.08372624310497
0.4922093508426183,9.44261224056035,32840303.20272738,0.6780366605281302,0.6540259452296864,35718249.213343546,-0.0607875260675817
1.1612342017931556,32.32670453908331,20196341.786852684,0.4361009100771051,0.2075481035264975,48949019.16393364,-0.0539122703148978
2.581163339617527,130.29514004829457,-13763006.903554477,0.662093477219855,0.339516470697345,71689949.48997113,-0.0548268794925077
0.3628342264867298,120.31168983427648,45048716.10688618,0.1313547275716142,0.3869724203336108,39921054.14338408,0.0833333911780307
2.4990649029901264,9.741798688109611,19635309.739831887,0.3512759914444968,0.743549766143604,15092709.053204406,-0.110486279306252
1.0610078918881798,43.84512833826615,-6496627.670172449,0.2560946745772307,0.3230078979316424,43652894.23115322,0.0220541427013866
0.6190450345784719,45.438089402912496,-49988114.29747146,0.5384925789884378,0.2685639710937625,95000372.44248731,0.1217959152305558
2.181190346483207,122.58123012977748,45818851.45181484,0.6887782542983479,0.865958415230477,67756095.75687024,-0.0513196364513396
1.998145686305687,8.449344107013728,-27791449.33527192,0.2539180374665487,0.1070906280907751,70433123.38004863,-0.0717918890747601
2.669174436523043,23.219001847300422,-32907974.939137835,0.4925047608844447,0.8982566845455826,66905393.82738759,-0.023052462518025
2.284691818270492,144.98531494030814,20451408.640192807,0.218858579655844,0.6414570390859164,27909292.50634931,0.117972520836071
2.469398512039091,36.24531585950838,48795048.12678546,0.4391981527429659,0.7627754395592937,47650047.76920521,0.0194107630953357
1.0614933459425275,119.23056887407807,27685456.370210364,0.3783594920130017,0.3356955170769545,77584581.85269864,-0.0531214294607598
0.7790867682052516,46.68198668317714,11278182.401047193,0.6832031977789222,0.1114522221336479,19123560.77978432,0.0483876651188039
2.3266598294303176,22.4022437328854,11895086.833305718,0.4651163636178799,0.6902956148492241,35006749.84807411,-0.1102292149836423
2.4784537960216126,47.55513342490446,17068311.175606154,0.3097038232520913,0.7673156776005406,34868719.76192683,0.0681359510442948
2.974363883401818,131.39671307474035,15178571.795735303,0.16845747093276,0.6923809055628153,48881703.48350554,0.0408607307701767
1.4140677276608515,154.7468819186,5623828.479387516,0.1907480972409607,0.2142802298406708,98233186.68479666,-0.0307808471138884
1.3044488316405147,150.28847629922353,2084022.0790375213,0.235190157970741,0.7027423378055753,16075229.201543976,-0.0838585798447231
2.3963149940033914,74.5071176832296,-1251862.5579904483,0.2505799968041788,0.7151382256861128,56683089.49425355,-0.0886680922283457
1.2201695586831482,121.91489889986308,-15079291.777333526,0.6103696347046826,0.6268324125360439,26142821.38109894,0.053481733634591
2.813044779129625,40.87225169776867,-5613501.5373354815,0.4367336729695149,0.712892746236469,97360889.08687696,0.1228980502489062
2.617714429976132,56.30085279567732,-33859136.28390771,0.4140345468246198,0.7767371517421857,20197315.42547177,-0.0637307747028794
1.4582838739125497,161.85876824119595,-1966792.535894998,0.1688613231215305,0.5908832913899668,46324090.21254321,0.0458386703551484
2.3273518830370428,7.275336614378807,-19771822.14301835,0.6160838160096609,0.1708837711757432,76409648.63511455,-0.2087027018602069
2.337265760028642,19.963992899531917,-22071786.344315417,0.5336885819250903,0.4901022477337687,73409898.52247007,-0.0584617730657199
0.5784344458570181,41.38009465055478,3597883.023069569,0.1406010171400009,0.162119467737284,48045577.32045391,-0.0031058932870901
2.73689284803483,9.643135677918451,27840045.726891987,0.5247010583378612,0.4260344248259446,41187175.11574464,-0.0909683416981833
1.6641814056092143,36.75120114071453,18366332.12004626,0.4261229304055877,0.4256851913005021,45785114.06975835,-0.0936506374789596
2.5314351584909023,107.03227316969613,-31410012.07246354,0.1490352074480669,0.1528078753121932,33784863.684277534,-0.0667779556468886
1.1641339227826517,78.74929635368714,-19792562.731406752,0.3749803849171939,0.3790564271755835,28479964.483611982,0.0292192728326373
2.717912716939741,161.2175494384706,18815423.75976432,0.3908177722780281,0.1887984790330518,53473572.780300096,-0.0187329018406374
1.3508445325822405,148.05262330422715,-19649747.870766196,0.1994647240979654,0.7465881680073777,34168038.04608466,-0.2238231233324972
0.3292616589968055,64.81803654712829,-4492662.999940492,0.6674188882001694,0.8581504207715767,35871549.84075251,-0.2120700152635066
2.744531336332012,50.39910085047619,11001041.980491038,0.6099852228883971,0.1578531802063509,69108045.71271014,-0.0606865177857175
0.5464740273225606,71.44617142927171,-19366889.097272705,0.501413402397465,0.8640921658333611,97168359.8529903,0.0457686586053552
1.1621468214941202,108.30161494009135,2107510.122919198,0.3773773366003643,0.5180612794693962,64327348.05034376,-0.2747504842725234
2.8651673110371734,51.91113714400335,-26680509.89836409,0.3470593249507051,0.3396525423630991,16928152.035846964,-0.049973017615163
2.8666392967314014,114.22605887359845,-12027352.879024273,0.4905840802905725,0.1614896602209308,16802525.24686603,-0.0526247856517421
1.8482822979328728,76.64703913346708,6395638.682850739,0.4272591216441432,0.5004994144563343,95628089.87610094,0.1388337778208448
2.005960472858458,101.60825664909656,-31859874.670633387,0.1373638635291313,0.7356124355925989,36756171.12766002,-0.0385021811712863
1.5108029093414634,81.32214259868041,8809494.759207979,0.407501589262199,0.6656691818133585,18286028.74742279,0.0382988984740928
1.0916690835847742,56.53150791983559,-392755.9785336243,0.5838421703397036,0.140180809171179,63914012.84353434,0.0141257140087463
1.1873942724987732,170.97932871837742,11049799.088342955,0.3755439265581748,0.1583214682943228,66128390.04612395,-0.21305664798072
2.115799831408004,138.63101397795813,4478282.681293229,0.131173946532561,0.4222986261061097,68365433.81068194,0.0768207216631737
2.331411229481736,29.519805759129195,27282808.599476885,0.5717669196304198,0.3362323952383546,34066182.50717872,0.0215396505456287
2.437263418059791,156.98189578213473,2504490.0529581453,0.2208182692815846,0.2859074584448383,11359961.579302752,0.0508268639674589
2.4319689855452955,90.30045969366488,-8588110.822505059,0.2551725009328233,0.3248035991269709,96851383.25090247,0.3926237706436327
0.5462564782314641,161.546639706466,2445950.0606456758,0.1988238120593775,0.7427861946375077,32580374.112199225,-0.2084112939498588
1.63493482269697,144.97466979078015,10865960.580727758,0.2981290389228985,0.8433824429054831,70842365.92472927,0.1724696649761108
0.4554086520449396,79.41236328211585,977201.4065140866,0.554050903413181,0.4240821556220532,73596688.28908387,-0.0287447519400355
1.783727982274086,8.932128956020545,811833.8240776476,0.4116315157023624,0.8248888017059977,64900667.53715371,0.0287328904403009
1.492132353708118,52.018537892365565,-14039833.756135108,0.2229287644904275,0.3571965609983055,38161665.47922834,-0.0045512245301242
2.6968012934474093,99.78598756565172,-13258018.351018963,0.6266980468912244,0.4811495890750333,34398662.83876592,-0.0424236333398043
1.2474705338906125,115.85868846957575,-28052105.43599387,0.6277491129709175,0.2808231982527998,63790145.44324328,-0.0569832928238758
0.6160809443545359,50.1303449508104,34991534.86373879,0.6223470550276041,0.6123808337406752,87948607.02505223,0.0329508735573009
0.6860775415426568,29.387312962744225,-24877264.7078257,0.2432777268289235,0.8831848921398472,95206035.6031056,-0.1517173696671679
2.356078705637175,151.11279143987736,-13858103.955918146,0.3707436065085928,0.582794476834703,19531522.396338187,0.0750579167521765
1.969188770953905,177.2703816231216,-14368145.311383948,0.690993793684525,0.3862512672908391,23934575.133794785,-0.0416194404885253
0.5730312255315337,96.99578190297002,17898487.538888827,0.5632074857859942,0.6182539567924227,95026263.29047716,-0.1130069339040357
0.5270883765104931,35.04387502345311,-5898993.565840555,0.1163004527353359,0.19833654277231,76288170.55013132,-0.0450012857995813
2.192616654939624,52.65378214088957,24954841.45347468,0.1391227547562952,0.810927264212319,89469444.23467958,0.1257149216862572
0.4964601171833225,8.218368395806678,-13469812.48487737,0.3783588260873997,0.5024671606238691,28236937.07218089,-0.0535335087016223
2.5190221600839617,165.00229114808732,5579883.244476039,0.645532123516936,0.4594797936317136,62882728.39984617,0.035845361820962
2.20685401332254,25.6064395057747,-16706941.065195149,0.4232210787716285,0.5686918307628154,73102563.49757263,-0.0730956275715473
0.5196417077331293,105.89038321499436,42902982.55546776,0.3986875048205741,0.599827090231522,71210069.69022754,0.0757921849923619
0.5290618280300182,52.959663620261054,-23751968.380590256,0.1632842199739783,0.1574206449812104,46733652.17800283,0.0685507738790204
2.9639268619531736,101.98115044026385,6196414.20454055,0.4940680628345764,0.646093776978722,11385540.252217762,0.1848608833296411
1.310531148541525,118.99856796157624,12675537.61864197,0.5932618963601353,0.2935453442524237,62463345.11238368,-0.0175563945499215
1.3007337970806057,150.20481564876027,8275981.949029964,0.3282520045045374,0.6711621060052718,32779138.52616479,0.0668654804757906
2.4945588315952567,41.12372255810556,-3705753.177554166,0.5653671105551965,0.7580278355073574,50522882.15286013,0.0098067539538944
2.8575711589364183,6.924270015234084,-2596413.994668524,0.6786859923404869,0.7431668060420162,96182291.35754356,0.1295871781863014
2.9622028723217517,28.954985262041276,876229.439582192,0.2222598754766134,0.5420007739263113,45913178.58781912,-0.071883238760873
2.3341211001991424,162.5032623234184,-2940040.032569772,0.4139977787168447,0.5161359138486009,85582144.59979841,0.0745005312877281
1.315900880933473,157.93076357344015,19277582.335898194,0.2722827748507453,0.2143007690715294,26968654.5174326,-0.0194697296116681
0.5254519350864056,109.54729287980396,44210460.03182703,0.5757126514203036,0.7202769203225085,70521444.8222526,-0.0064188177108497
2.39829667300408,110.09045057588934,-11149835.700156672,0.4465560195286945,0.3171275043573714,97930625.89950491,0.0091752484448372
1.8076914742866736,121.38141804559471,-27396059.59158156,0.4807494505301822,0.4973563382543572,19170379.07856431,0.0252240396426677
1.445399424966836,35.68997375910368,-1765640.9670250963,0.5787484957695365,0.3274192743420133,10748794.80044728,-0.0116229043121958
2.747156839755787,165.02209053686795,51594186.75308637,0.3375822835974729,0.2070626903997545,49022451.33693529,0.0214713183170526
0.6002332022266086,78.28484185611279,-16073491.359394616,0.6490540410442259,0.6036461575133892,18336293.474623047,0.1578118057562184
1.63008778158532,72.04924244366205,32782336.10888135,0.4198173203476839,0.143465627858323,77354591.47086082,0.0985449685615218
0.3306548408720314,95.81059842449658,33554016.28152881,0.1947728937012088,0.69891618730096,92309379.7463703,0.0869154592496896
1.5653837333841412,13.219044185634631,-11071764.834159892,0.5175394709012815,0.3540694362088933,49061887.54378829,-0.045553952602387
0.4520188443409608,34.0995895323139,11379661.583705507,0.5759568102629526,0.1001077544035882,33284047.793989684,-0.0889240828228324
0.6208083739237942,134.15588287461483,32567932.46257076,0.290057006240516,0.5089033113897838,49096298.71059488,0.0955300558237752
0.6173208662981832,19.48976688689713,-7582554.819749742,0.6143075541992518,0.1374815268220825,75110303.60650009,0.0876046792529794
2.0528678157133715,110.55161915661792,-4071607.2020472353,0.6436859528594598,0.3209356462567195,10814874.542233389,0.1472670675750982
2.314321174016643,47.93609419423117,-11633618.278972875,0.2661426924266853,0.6655811899645729,63050859.053622745,-0.0603980625969229
1.8750956657623312,73.1267324573459,-20295134.613857336,0.6901128836291331,0.1501516972974927,65196251.63986412,-0.0229548655360347
2.8978658808812634,55.52140393487248,-12985550.901320145,0.184426916829255,0.7714707938848019,67391942.22063419,-0.1639484162525434
1.312150564714001,67.2427253813661,-24478805.33524513,0.2212094010414939,0.1030559381268664,31781987.19827895,-0.0392471106060872
1.071422632961024,130.83303340724297,681669.3651845214,0.2105349035428156,0.2974590953615218,74264745.10403141,0.0996570510579447
2.645217646111542,56.99630023405563,-15399464.621172836,0.6363938260047222,0.6927232449216572,18225233.76985988,-0.0466495379228198
0.903708764002522,104.120812051957,4675718.235814954,0.4925755313949771,0.3530161197834455,27934330.28201207,0.0640479795200823
2.9007008564896504,88.30882038484245,-31117912.924072545,0.1912625699333637,0.1815139104528108,88972304.19890337,-0.0190503105997811
0.3328170816625041,121.14245393846342,6617604.6442891415,0.3641940510210094,0.3881871350403423,76485083.56539097,0.032405702822156
2.918672832110625,168.94520438183264,16670579.232178492,0.4691788150418812,0.3163146291076204,11237099.861021072,-0.1147691389815667
0.4165317622665555,133.2001170117938,-39874712.85142911,0.1500784509936299,0.774169521728444,32353863.433282018,0.0085209449633901
2.706086406984792,42.61456625338244,7481131.396951443,0.6294498210444032,0.3506783340681145,29296583.46938481,-0.2991135970900723
1.7247929945330098,10.457048635724815,24553379.849465843,0.5821621212649211,0.7311459774208058,34372569.52332753,-0.0186896158161984
2.9810049495221107,50.89620775246939,-24192820.37382411,0.4031240641459829,0.8134977158485878,32280379.325189777,-0.163047324371514
0.4992507247855769,109.1386378725446,33451447.736754067,0.6802759691555023,0.4470539356612236,15627366.616856117,0.1205994516546816
1.7954065678835662,13.99951735974381,8380380.187320904,0.3506565875650598,0.8279545150835136,51304646.49371383,0.0777407352764511
2.917116846171567,91.86409326021636,-14100237.115168177,0.6904661914218987,0.4018544431705543,75946012.73075485,0.0466670981966081
1.712364179259402,109.4474985604556,-1115381.5531541202,0.5007519992821763,0.8712627331920866,64605855.22456928,0.152100622715938
1.999376322965209,63.49268089296815,11166538.250434447,0.4808027639523649,0.1714316196204583,70558450.17382717,-0.0948916520824837
2.1785214602584664,139.90963565551883,1520107.82824823,0.199572937177471,0.6496154132025942,17303426.068261523,0.1747363197915558
1.527260874872988,23.654694298410064,10775119.848927384,0.6291566549827864,0.4950512323655429,95634163.91591084,0.0932191564260384
1.9944068162269717,18.149111803766534,-18413471.861587323,0.3564938127523691,0.4101190443645176,85464265.04587224,-0.0236555287218946
1.8776486421923708,132.43303233563057,3387216.48072156,0.1973400434694876,0.6061695029988807,82458128.66460964,0.1135620147182944
2.73312662832567,91.71098033608472,-28274289.938099604,0.1075645119854554,0.6630856733074649,84068542.45375907,-0.1106293512411634
0.4227052269219362,125.4704193748538,-2224521.2269740063,0.4358534101830296,0.1034906157202472,93943945.73194852,-0.0824514161527673
1.058600611899022,81.09478425565558,-18078152.829295795,0.4164397732736058,0.2335624709977589,58982856.95023279,-0.06085897232397
2.8661110070067086,48.12035581684369,-14710598.85179533,0.5316121734214951,0.670436840507455,28025381.60808633,-0.0528977708064015
2.703712216505474,148.34290559298495,24721863.504208747,0.6341548318106812,0.6331083308625651,65510524.706728704,-0.1056557642760252
1.530273232521425,144.89777881957136,21826202.41188538,0.1476439507858177,0.8728380041029418,76859334.43011451,0.1223083067095325
1.9743580140641488,126.57188239952468,12182762.41814354,0.5388978942042174,0.7088302322006265,76412565.4018623,-0.0258854400369831
1.0489291940490584,52.625399015243474,-21846255.29345158,0.2124471664585493,0.8606181661850705,56930412.17501921,0.0352504968356879
0.8079271312541556,108.29036670209024,-6328168.993896038,0.6149062318942984,0.6620324012278456,16161284.740022026,-0.057035136641368
1.551985693337952,68.17043196450469,24261953.99958367,0.5914381083169936,0.3384417669115545,43400164.45871151,-0.1820603300548517
1.2540510156703426,21.026862832160976,2834338.272798095,0.4244762529913266,0.1842919378006852,92868994.76170217,0.0270057358391422
1.8758715019973544,165.5298757058925,46386590.79963388,0.5261456791739869,0.7254590906759485,62600401.87816834,-0.1912254975419777
0.5098835198054591,28.943260410818247,7866356.787887437,0.288610067910249,0.6153193771807327,58449874.89301421,-0.0068634046085468
2.9308659806986497,171.29153691864042,3840982.329800632,0.3827007393596887,0.138548809914637,34196816.294397414,-0.136831503883281
2.962769010094928,83.05101026764225,-6182329.284050028,0.592982138626283,0.3880403727207827,43160402.79249211,0.1987275999230808
